
<resources>
    <color name="seed">#ffa67d</color>
    <color name="md_theme_light_primary">#99461B</color>
    <color name="md_theme_light_onPrimary">#FFFFFF</color>
    <color name="md_theme_light_primaryContainer">#FFDBCC</color>
    <color name="md_theme_light_onPrimaryContainer">#351000</color>
    <color name="md_theme_light_secondary">#0062A1</color>
    <color name="md_theme_light_onSecondary">#FFFFFF</color>
    <color name="md_theme_light_secondaryContainer">#D0E4FF</color>
    <color name="md_theme_light_onSecondaryContainer">#001D35</color>
    <color name="md_theme_light_tertiary">#5156A9</color>
    <color name="md_theme_light_onTertiary">#FFFFFF</color>
    <color name="md_theme_light_tertiaryContainer">#E0E0FF</color>
    <color name="md_theme_light_onTertiaryContainer">#070764</color>
    <color name="md_theme_light_error">#BA1A1A</color>
    <color name="md_theme_light_errorContainer">#FFDAD6</color>
    <color name="md_theme_light_onError">#FFFFFF</color>
    <color name="md_theme_light_onErrorContainer">#410002</color>
    <color name="md_theme_light_background">#F5FFF3</color>
    <color name="md_theme_light_onBackground">#00210E</color>
    <color name="md_theme_light_surface">#F5FFF3</color>
    <color name="md_theme_light_onSurface">#00210E</color>
    <color name="md_theme_light_surfaceVariant">#F4DED5</color>
    <color name="md_theme_light_onSurfaceVariant">#52443D</color>
    <color name="md_theme_light_outline">#85736C</color>
    <color name="md_theme_light_inverseOnSurface">#C2FFD0</color>
    <color name="md_theme_light_inverseSurface">#00391C</color>
    <color name="md_theme_light_inversePrimary">#FFB695</color>
    <color name="md_theme_light_shadow">#000000</color>
    <color name="md_theme_light_surfaceTint">#99461B</color>
    <color name="md_theme_light_outlineVariant">#D8C2BA</color>
    <color name="md_theme_light_scrim">#000000</color>
    <color name="md_theme_dark_primary">#FFB695</color>
    <color name="md_theme_dark_onPrimary">#571F00</color>
    <color name="md_theme_dark_primaryContainer">#7A3003</color>
    <color name="md_theme_dark_onPrimaryContainer">#FFDBCC</color>
    <color name="md_theme_dark_secondary">#9CCAFF</color>
    <color name="md_theme_dark_onSecondary">#003257</color>
    <color name="md_theme_dark_secondaryContainer">#00497B</color>
    <color name="md_theme_dark_onSecondaryContainer">#D0E4FF</color>
    <color name="md_theme_dark_tertiary">#BFC2FF</color>
    <color name="md_theme_dark_onTertiary">#212578</color>
    <color name="md_theme_dark_tertiaryContainer">#393D8F</color>
    <color name="md_theme_dark_onTertiaryContainer">#E0E0FF</color>
    <color name="md_theme_dark_error">#FFB4AB</color>
    <color name="md_theme_dark_errorContainer">#93000A</color>
    <color name="md_theme_dark_onError">#690005</color>
    <color name="md_theme_dark_onErrorContainer">#FFDAD6</color>
    <color name="md_theme_dark_background">#00210E</color>
    <color name="md_theme_dark_onBackground">#99F7B5</color>
    <color name="md_theme_dark_surface">#00210E</color>
    <color name="md_theme_dark_onSurface">#99F7B5</color>
    <color name="md_theme_dark_surfaceVariant">#52443D</color>
    <color name="md_theme_dark_onSurfaceVariant">#D8C2BA</color>
    <color name="md_theme_dark_outline">#A08D85</color>
    <color name="md_theme_dark_inverseOnSurface">#00210E</color>
    <color name="md_theme_dark_inverseSurface">#99F7B5</color>
    <color name="md_theme_dark_inversePrimary">#99461B</color>
    <color name="md_theme_dark_shadow">#000000</color>
    <color name="md_theme_dark_surfaceTint">#FFB695</color>
    <color name="md_theme_dark_outlineVariant">#52443D</color>
    <color name="md_theme_dark_scrim">#000000</color>
</resources>
